name,atom name,count,min,max,mean,stdev,outliers
A,CA,67643,39.922,72.252,53.166,1.926,356
R,CA,43728,35.7,74.477,56.786,2.266,150
N,CA,36892,41.197,68.563,53.539,1.85,262
D,CA,52520,41.113,67.166,54.688,1.994,220
C,CA,15082,41.514,68.074,58.059,3.45,24
Q,CA,39028,43.453,67.016,56.572,2.079,132
E,CA,68781,41.955,71.16,57.322,2.059,294
G,CA,66966,33.148,61.276,45.356,1.285,884
H,CA,18752,43.308,71.15,56.49,2.289,156
I,CA,46398,39.563,71.856,61.682,2.676,116
L,CA,76958,37.916,67.88,55.691,2.102,261
K,CA,62939,40.726,75.496,56.974,2.156,232
M,CA,19286,43.281,66.86,56.166,2.179,73
F,CA,32215,36.03,69.821,58.136,2.547,115
P,CA,35827,48.557,72.28,63.346,1.494,435
S,CA,58113,45.13,73.678,58.711,2.049,277
T,CA,49538,40.737,73.254,62.227,2.562,156
W,CA,9909,43.503,81,57.73,2.501,46
Y,CA,26617,38.582,69.56,58.184,2.487,71
V,CA,60517,39.654,77.145,62.556,2.831,135
A,CB,63935,6.606,40.32,18.966,1.755,1244
R,CB,40493,20.775,43.392,30.633,1.775,578
N,CB,34815,23.164,57.35,38.693,1.638,586
D,CB,49486,26.5008,58.51,40.872,1.576,844
C,CB,14335,17.99,63.89,33.447,6.527,23
Q,CB,36403,18.425,43.649,29.16,1.76,569
E,CB,63996,18.356,49.56,29.963,1.679,974
H,CB,17529,18.745,54.9,30.258,2.093,262
I,CB,43016,18.1,51.876,38.543,1.98,378
L,CB,71548,26.4,55.546,42.228,1.82,984
K,CB,58540,21.192,46.6,32.754,1.741,923
M,CB,17764,17.37,46.46,32.909,2.135,276
F,CB,30057,25.52,56.739,39.897,2.034,285
P,CB,33211,20.914,50.25,31.835,1.152,873
S,CB,53678,31.4,78.834,63.805,1.5,873
T,CB,45696,27.09,81.526,69.695,1.711,588
W,CB,9130,18.633,52.3,29.904,1.962,106
Y,CB,24562,25.321,57.732,39.245,2.112,202
V,CB,55760,17.205,45.331,32.685,1.762,377